Time,Fees,Profit,Shares
1731621354.267871,3,172,86
1731621355.848417,5,400,200
1731621364.083044,3,20,10
1731621365.7842371,3,42,21
1731621367.474097,3,42,21
1731621369.188968,3,42,21
1731621370.866972,3,42,21
1731621372.3810072,3,24,24
1731621374.078458,3,24,24
1731621375.77811,3,21,7
1731621377.508954,3,18,6
1731621379.2404962,3,300,100
1731621419.846302,8,800,400
1731621421.421334,5,556,278
1731621423.0926259,5,556,278
1731621424.761327,9,1146,573
1731621426.507123,9,1146,573
1731621428.115747,9,1146,573
1731621429.834839,9,924,462
1731621431.193472,,,
1731621432.539253,,,
1731621433.9104462,,,
1731621435.241885,,,
1731621436.4394019,,,
1731621437.810223,,,
1731621439.058441,,,
1731621440.40147,,,
1731621441.778526,,,
1731621443.2263901,,,
1731621444.57954,,,
1731621445.924989,,,
1731621447.400272,,,
1731621448.8163378,,,
1731621450.243754,,,
1731621451.654319,,,
1731621453.027565,,,
1731621454.4024231,,,
1731621455.768621,,,
1731621457.134204,,,
1731621458.534563,,,
1731621459.8942878,,,
1731621461.2854168,,,
1731621462.675272,,,
1731621465.889929,,,
1731621466.953079,,,
1731621468.3409762,,,
1731621469.739827,,,
1731621471.184344,,,
1731621472.6136231,,,
1731621473.964299,,,
1731621475.344233,,,
1731621476.716049,,,
1731621478.1064541,,,
1731621479.307539,,,
1731621480.6566908,,,
1731621482.0414479,,,
1731621483.470502,,,
1731621484.841841,,,
1731621486.217706,,,
1731621487.586762,,,
1731621488.9436748,,,
1731621490.283954,,,
1731621491.6448839,,,
1731621493.367029,3,100,50
1731621495.0566669,3,100,50
1731621496.7595499,3,100,50
1731621498.444695,3,100,50
1731621500.209163,3,100,50
1731621501.907593,3,100,50
1731621503.609102,3,100,50
1731621505.27693,8,800,400
1731621506.969697,8,800,400
1731621508.5853162,21,2500,1250
1731621510.289738,12,1400,700
1731621511.999049,10,1166,583
1731621513.6483998,3,124,62
1731621515.3073652,3,124,62
1731621516.989003,3,144,72
1731621518.647017,3,144,72
1731621520.3542242,3,144,72
1731621522.064236,3,20,10
1731621523.439116,,,
1731621524.803427,,,
1731621525.835755,,,
1731621526.862741,,,
1731621527.887786,,,
1731621528.975629,,,
1731621530.046529,,,
1731621531.079238,,,
1731621532.113842,,,
1731621533.13672,,,
1731621534.2211268,,,
1731621535.2626078,,,
1731621536.3814368,,,
1731621537.413013,,,
1731621538.48093,,,
1731621539.529089,,,
1731621540.5884428,,,
1731621541.67987,,,
1731621542.5969121,,,
1731621543.659241,,,
1731621544.692461,,,
1731621545.7368,,,
1731621546.794822,,,
1731621547.821574,,,
1731621548.874165,,,
1731621549.905377,,,
1731621550.941308,,,
1731621551.965651,,,
1731621553.0368361,,,
1731621554.079639,,,
1731621555.088041,,,
1731621556.169603,,,
1731621557.2671208,,,
1731621558.03925,,,
1731621559.180313,,,
1731621560.0773902,,,
1731621561.123179,,,
1731621562.2287722,,,
1731621563.268439,,,
1731621564.240453,,,
1731621565.300035,,,
1731621566.36397,,,
1731621567.4373791,,,
1731621568.4493608,,,
1731621569.504116,,,
1731621570.934303,,,
1731621572.322432,,,
1731621573.686521,,,
1731621575.0967748,,,
1731621576.445961,,,
1731621577.7887528,,,
1731621578.8194911,,,
1731621579.8412669,,,
1731621580.850168,,,
1731621581.855114,,,
1731621582.867799,,,
1731621583.900395,,,
1731621584.937376,,,
1731621585.828001,,,
1731621586.8529239,,,
1731621587.9053178,,,
1731621588.9594722,,,
1731621590.024508,,,
1731621591.04033,,,
1731621592.4536178,,,
1731621593.711623,,,
1731621595.027655,,,
1731621596.3717408,,,
1731621597.7352152,,,
1731621599.137511,,,
1731621600.498977,,,
1731621601.7583098,,,
1731621603.1864178,,,
1731621604.24049,,,
1731621605.260036,,,
1731621606.2952309,,,
1731621607.322679,,,
1731621608.348031,,,
1731621609.4435241,,,
1731621611.717519,,,
1731621612.5768828,,,
1731621613.670511,,,
1731621614.7787578,,,
1731621615.828298,,,
1731621616.88247,,,
1731621617.928162,,,
1731621619.011759,,,
1731621620.041518,,,
1731621621.080759,,,
1731621621.9922729,,,
1731621623.055341,,,
1731621624.1358569,,,
1731621625.038622,,,
1731621626.111889,,,
1731621627.167742,,,
1731621628.0805151,,,
1731621629.182855,,,
1731621630.182055,,,
1731621631.2106721,,,
1731621632.32997,,,
1731621633.393147,,,
1731621634.44843,,,
1731621635.4674869,,,
1731621636.364813,,,
1731621637.463441,,,
1731621638.505323,,,
1731621639.579584,,,
1731621640.613249,,,
1731621641.649109,,,
1731621642.723358,,,
1731621643.752994,,,
1731621644.788182,,,
1731621645.838567,,,
1731621646.894927,,,
1731621647.959456,,,
1731621649.016247,,,
1731621650.1218529,,,
1731621651.204787,,,
1731621652.274844,,,
1731621653.295744,,,
1731621654.378956,,,
1731621655.458102,,,
1731621656.499671,,,
1731621657.5534878,,,
1731621658.4399822,,,
1731621659.472502,,,
1731621660.506291,,,
1731621661.5321321,,,
1731621662.58383,,,
1731621663.62483,,,
1731621664.490883,,,
1731621665.547034,,,
1731621666.576425,,,
1731621667.674322,,,
1731621668.73163,,,
1731621669.8024719,,,
1731621670.8509738,,,
1731621671.7887402,,,
1731621672.726544,,,
1731621673.791157,,,
1731621674.885726,,,
1731621675.80915,,,
1731621676.87308,,,
1731621677.964858,,,
1731621678.8948941,,,
1731621679.8191621,,,
1731621680.867548,,,
1731621681.935097,,,
1731621683.035721,,,
1731621684.15358,,,
1731621685.2229881,,,
1731621686.285037,,,
1731621687.376889,,,
1731621688.258463,,,
1731621689.2193868,,,
1731621690.24111,,,
1731621691.300501,,,
1731621692.350935,,,
1731621693.2595048,,,
1731621694.319885,,,
1731621695.370369,,,
1731621696.4442828,,,
1731621697.496876,,,
1731621698.539824,,,
1731621699.613895,,,
1731621700.631867,,,
1731621701.627674,,,
1731621702.638477,,,
1731621703.66927,,,
1731621704.6972601,,,
1731621705.714902,,,
1731621706.77476,,,
1731621707.827631,,,
1731621708.88774,,,
1731621709.908832,,,
1731621710.952501,,,
1731621711.829081,,,
1731621712.890143,,,
1731621713.930329,,,
1731621714.973929,,,
1731621716.023409,,,
1731621716.944895,,,
1731621718.080811,,,
1731621719.123281,,,
1731621720.177325,,,
1731621721.2734149,,,
1731621722.199548,,,
1731621723.246915,,,
1731621724.2979069,,,
1731621725.2329228,,,
1731621726.290963,,,
1731621727.3230238,,,
1731621728.3614678,,,
1731621729.45712,,,
1731621730.498902,,,
1731621731.5247412,,,
1731621732.550598,,,
1731621733.575635,,,
1731621734.6761138,,,
1731621735.72839,,,
1731621736.7554739,,,
1731621737.8288808,,,
1731621738.945649,,,
1731621740.029998,,,
1731621741.0956979,,,
1731621742.1897368,,,
1731621743.185302,,,
1731621744.261884,,,
1731621745.363793,,,
1731621746.430549,,,
1731621747.34834,,,
1731621748.402878,,,
1731621749.435502,,,
1731621750.344609,,,
1731621751.4063559,,,
1731621752.302343,,,
1731621753.338387,,,
1731621754.269809,,,
1731621755.3120298,,,
1731621756.3367329,,,
1731621757.413687,,,
1731621758.465336,,,
1731621759.473066,,,
1731621760.500971,,,
1731621761.537584,,,
1731621762.573909,,,
1731621763.6159801,,,
1731621764.66,,,
1731621765.706677,,,
1731621766.717838,,,
1731621767.7478971,,,
1731621768.843467,,,
1731621769.7384388,,,
1731621770.81395,,,
1731621771.758568,,,
1731621772.807457,,,
1731621773.874475,,,
1731621774.911564,,,
1731621775.99358,,,
1731621777.0245178,,,
1731621778.053608,,,
1731621779.114759,,,
1731621780.147464,,,
1731621781.1855261,,,
1731621782.214899,,,
1731621783.25931,,,
1731621784.292576,,,
1731621785.316282,,,
1731621786.220602,,,
1731621787.272929,,,
1731621788.339828,,,
1731621789.36819,,,
1731621790.379533,,,
1731621791.402709,,,
1731621792.458343,,,
1731621793.326307,,,
1731621794.369739,,,
1731621795.382524,,,
1731621796.433729,,,
1731621797.4766562,,,
1731621798.5174458,,,
1731621799.595341,,,
1731621800.477651,,,
1731621801.537132,,,
1731621802.610364,,,
1731621803.651744,,,
1731621804.699116,,,
1731621805.7562811,,,
1731621806.843137,,,
1731621807.72632,,,
1731621808.768587,,,
1731621809.850358,,,
1731621810.9077199,,,
1731621811.975196,,,
1731621813.005149,,,
1731621814.08302,,,
1731621815.116273,,,
1731621816.162438,,,
1731621817.216702,,,
1731621818.283665,,,
1731621819.3213172,,,
1731621820.329752,,,
1731621821.385545,,,
1731621822.260685,,,
1731621823.28636,,,
1731621824.356626,,,
1731621825.405086,,,
1731621826.459318,,,
1731621827.504871,,,
1731621828.39171,,,
1731621829.284502,,,
1731621830.313791,,,
1731621831.339658,,,
1731621832.3694148,,,
1731621833.402306,,,
1731621834.326901,,,
1731621835.3460832,,,
1731621836.417851,,,
1731621837.497271,,,
1731621838.3783958,,,
1731621839.424232,,,
1731621840.5022762,,,
1731621841.536085,,,
1731621842.4878561,,,
1731621843.449453,,,
1731621844.508297,,,
1731621845.530596,,,
1731621846.617738,,,
1731621847.549885,,,
1731621848.576583,,,
1731621849.6440809,,,
1731621850.5177379,,,
1731621851.551143,,,
1731621852.579082,,,
1731621853.622369,,,
1731621854.653253,,,
1731621855.691863,,,
1731621856.7821262,,,
1731621857.729723,,,
1731621858.781418,,,
1731621859.871725,,,
1731621860.903444,,,
1731621861.9381099,,,
1731621862.982365,,,
1731621864.023628,,,
1731621865.096938,,,
1731621866.124865,,,
1731621867.2081761,,,
1731621868.284031,,,
1731621869.3478389,,,
1731621870.378911,,,
1731621871.4734972,,,
1731621872.349824,,,
1731621873.446579,,,
1731621874.530287,,,
1731621875.598856,,,
1731621876.636609,,,
1731621877.682224,,,
1731621878.71747,,,
1731621879.739578,,,
1731621880.770779,,,
1731621881.814461,,,
1731621882.879748,,,
1731621883.915924,,,
1731621884.9408698,,,
1731621886.0224562,,,
1731621887.064609,,,
1731621887.998487,,,
1731621889.062589,,,
1731621890.075834,,,
1731621891.1147552,,,
1731621892.184157,,,
1731621893.262367,,,
1731621894.330082,,,
1731621895.383608,,,
1731621896.339419,,,
1731621897.456874,,,
1731621898.5309708,,,
1731621899.709867,,,
1731621900.448972,,,
1731621901.445556,,,
1731621902.549602,,,
1731621903.615097,,,
1731621904.664791,,,
1731621905.729506,,,
1731621906.758844,,,
1731621907.697705,,,
1731621908.7477398,,,
1731621909.7890198,,,
1731621910.816349,,,
1731621911.854155,,,
1731621912.92651,,,
1731621913.979851,,,
1731621914.878486,,,
1731621915.888569,,,
1731621916.805315,,,
1731621917.876572,,,
1731621918.946831,,,
1731621920.0325902,,,
1731621921.079123,,,
1731621921.997963,,,
1731621923.0493062,,,
1731621924.1300359,,,
1731621925.1727428,,,
1731621926.2327008,,,
1731621927.318579,,,
1731621928.336232,,,
1731621929.3889458,,,
1731621930.405542,,,
1731621931.468708,,,
1731621932.49871,,,
1731621933.5065222,,,
1731621934.4136782,,,
1731621935.441191,,,
1731621936.331392,,,
1731621937.386476,,,
1731621938.430124,,,
1731621939.504748,,,
1731621940.5735621,,,
1731621941.634888,,,
1731621942.667718,,,
1731621943.589634,,,
1731621944.642635,,,
1731621945.680605,,,
1731621946.722037,,,
1731621947.814084,,,
1731621948.8739579,,,
1731621949.894573,,,
1731621950.932401,,,
1731621952.00956,,,
1731621953.05566,,,
1731621954.1,,,
1731621955.126385,,,
1731621956.167586,,,
1731621957.279896,,,
1731621958.178571,,,
1731621959.243267,,,
1731621960.21916,,,
1731621961.299996,,,
1731621962.370375,,,
1731621963.410126,,,
1731621964.451827,,,
1731621965.522507,,,
1731621966.5362859,,,
1731621967.608691,,,
1731621968.667997,,,
1731621969.684271,,,
1731621970.727912,,,
1731621971.827185,,,
1731621972.8677492,,,
1731621973.928267,,,
1731621974.974761,,,
1731621976.0371041,,,
1731621977.0792608,,,
1731621978.124782,,,
1731621979.2074811,,,
1731621980.26349,,,
1731621981.304034,,,
1731621982.360519,,,
1731621983.3945658,,,
1731621984.467638,,,
1731621985.5592241,,,
1731621986.6683881,,,
1731621987.420649,,,
1731621988.4522529,,,
1731621989.493679,,,
1731621990.5780082,,,
1731621991.619566,,,
1731621992.6689548,,,
1731621993.538547,,,
1731621994.589746,,,
1731621995.625304,,,
1731621996.691571,,,
1731621997.769779,,,
1731621998.804943,,,
1731621999.853375,,,
1731622000.745611,,,
1731622001.7845702,,,
1731622002.8495092,,,
1731622003.937248,,,
1731622004.9858801,,,
1731622006.029875,,,
1731622007.055135,,,
1731622008.1113532,,,
1731622009.177032,,,
1731622010.232655,,,
1731622011.279702,,,
1731622012.331104,,,
1731622013.378145,,,
1731622014.24815,,,
1731622015.31707,,,
1731622016.3486762,,,
1731622017.37446,,,
1731622018.390561,,,
1731622019.425301,,,
1731622020.467537,,,
1731622021.5804632,,,
1731622022.497416,,,
1731622023.509422,,,
1731622024.5333178,,,
1731622025.5599391,,,
1731622026.604185,,,
1731622027.666139,,,
1731622028.7112389,,,
1731622029.7879648,,,
1731622030.7939358,,,
1731622031.8210251,,,
1731622032.85136,,,
1731622033.720317,,,
1731622034.761902,,,
1731622035.79168,,,
1731622036.677374,,,
1731622037.710617,,,
1731622038.782132,,,
1731622039.826037,,,
1731622040.912912,,,
1731622041.9385788,,,
1731622042.988205,,,
1731622044.00273,,,
1731622045.044033,,,
1731622045.917789,,,
1731622046.925524,,,
1731622047.658981,,,
1731622048.734715,,,
1731622049.309228,,,
1731622050.3519738,,,
1731622051.26016,,,
1731622052.1187332,,,
1731622053.0613701,,,
1731622053.877713,,,
1731622054.6307788,,,
1731622055.453363,,,
1731622056.505632,,,
1731622057.549362,,,
1731622058.312649,,,
1731622059.12656,,,
1731622060.237665,,,
1731622061.2246988,,,
1731622062.268221,,,
1731622063.316145,,,
1731622064.365433,,,
1731622065.465846,,,
1731622066.520879,,,
1731622067.565731,,,
1731622068.67571,,,
1731622069.519615,,,
1731622070.1400719,,,
1731622071.18283,,,
1731622072.111758,,,
1731622072.919994,,,
1731622073.9402702,,,
1731622074.9262872,,,
1731622075.830274,,,
1731622076.826453,,,
1731622077.904196,,,
1731622078.945104,,,
1731622079.878078,,,
1731622080.808436,,,
1731622081.843209,,,
1731622082.901897,,,
1731622083.9465039,,,
1731622084.987338,,,
1731622086.0194309,,,
1731622087.060535,,,
1731622088.085428,,,
1731622089.143523,,,
1731622090.144972,,,
1731622091.216241,,,
1731622092.270668,,,
1731622093.325644,,,
1731622094.2532532,,,
1731622095.307178,,,
1731622096.348725,,,
1731622097.410532,,,
1731622098.42784,,,
1731622099.509027,,,
1731622100.6072772,,,
1731622101.494103,,,
1731622102.564394,,,
1731622103.4880269,,,
1731622104.552661,,,
1731622105.5722592,,,
1731622106.619904,,,
1731622107.7774599,,,
1731622108.633664,,,
1731622109.7112262,,,
1731622110.7579389,,,
1731622111.81644,,,
1731622112.840756,,,
1731622113.8948538,,,
1731622115.0056891,,,
1731622116.045065,,,
1731622117.080106,,,
1731622118.122277,,,
1731622119.170202,,,
1731622120.178215,,,
1731622121.220039,,,
1731622122.089393,,,
1731622123.144162,,,
1731622124.164646,,,
1731622125.177429,,,
1731622126.2119129,,,
1731622127.245943,,,
1731622128.25684,,,
1731622129.219509,,,
1731622130.288297,,,
1731622131.367579,,,
1731622132.44669,,,
1731622133.468106,,,
1731622134.514771,,,
1731622135.556559,,,
1731622136.480448,,,
1731622137.476767,,,
1731622138.541091,,,
1731622139.494714,,,
1731622140.529496,,,
1731622141.619277,,,
1731622142.524843,,,
1731622143.5505621,,,
1731622144.606571,,,
1731622145.4956439,,,
1731622146.545438,,,
1731622147.608303,,,
1731622148.660311,,,
1731622149.724637,,,
1731622150.770154,,,
1731622151.817783,,,
1731622152.867466,,,
1731622153.872902,,,
1731622154.897729,,,
1731622155.934061,,,
1731622156.991904,,,
1731622157.898895,,,
1731622158.948122,,,
1731622159.982751,,,
1731622161.0008981,,,
1731622162.0505788,,,
1731622163.1351511,,,
1731622164.192411,,,
1731622165.158731,,,
1731622166.036362,,,
1731622167.038573,,,
1731622168.1937962,,,
1731622169.121303,,,
1731622170.10223,,,
1731622171.1090891,,,
1731622172.1271858,,,
1731622173.214304,,,
1731622174.226945,,,
1731622175.2787762,,,
1731622176.1740842,,,
1731622177.1984909,,,
1731622178.065422,,,
1731622179.07812,,,
1731622180.091533,,,
1731622181.1107898,,,
1731622182.137737,,,
1731622183.237599,,,
1731622184.260569,,,
1731622185.279961,,,
1731622186.3347158,,,
1731622187.384728,,,
1731622188.4327848,,,
1731622189.500711,,,
1731622190.380896,,,
1731622191.416158,,,
1731622192.4792771,,,
1731622193.5841641,,,
1731622194.614012,,,
1731622195.6352,,,
1731622196.657825,,,
1731622197.718594,,,
1731622198.7483158,,,
1731622199.81037,,,
1731622200.87822,,,
1731622201.949641,,,
1731622202.966857,,,
1731622203.999404,,,
1731622205.059951,,,
1731622206.0908318,,,
1731622207.0904,,,
1731622207.995409,,,
1731622209.003872,,,
1731622210.030165,,,
1731622211.085747,,,
1731622212.0956821,,,
1731622213.1522272,,,
1731622214.1831932,,,
1731622215.277607,,,
1731622216.338249,,,
1731622217.3739378,,,
1731622218.4051452,,,
1731622219.45138,,,
1731622220.4871428,,,
1731622221.5544379,,,
1731622222.5844119,,,
1731622223.555145,,,
1731622224.580677,,,
1731622225.439554,,,
1731622226.4655292,,,
1731622227.524939,,,
1731622228.559924,,,
1731622229.482987,,,
1731622230.504888,,,
1731622231.547907,,,
1731622232.567266,,,
1731622233.5908852,,,
1731622234.6620412,,,
1731622235.678066,,,
1731622236.5991302,,,
1731622237.6281338,,,
1731622238.6349618,,,
1731622239.654919,,,
1731622240.69377,,,
1731622241.733089,,,
1731622242.8035588,,,
1731622243.8205419,,,
1731622244.851947,,,
1731622245.935787,,,
1731622247.004705,,,
1731622248.044499,,,
1731622249.094233,,,
1731622250.179828,,,
1731622251.16878,,,
1731622252.1239748,,,
1731622253.1627069,,,
1731622254.229312,,,
1731622255.141811,,,
1731622256.2180202,,,
1731622257.269278,,,
1731622258.372576,,,
1731622259.465527,,,
1731622260.49493,,,
1731622261.568722,,,
1731622262.501513,,,
1731622263.535666,,,
1731622264.6017652,,,
1731622265.51004,,,
1731622266.557636,,,
1731622267.5819461,,,
1731622268.6336489,,,
1731622269.724376,,,
1731622270.76843,,,
1731622271.7712152,,,
1731622272.845189,,,
1731622273.894606,,,
1731622274.957122,,,
1731622275.9742138,,,
1731622277.030886,,,
1731622278.0821278,,,
1731622279.105782,,,
1731622280.149659,,,
1731622281.197461,,,
1731622282.245753,,,
1731622283.2500942,,,
1731622284.32063,,,
1731622285.376392,,,
1731622286.413153,,,
1731622287.4795039,,,
1731622288.562021,,,
1731622289.627774,,,
1731622290.664651,,,
1731622291.672312,,,
1731622292.714638,,,
1731622293.685819,,,
1731622294.758933,,,
1731622295.8168058,,,
1731622296.6867101,,,
1731622297.7334888,,,
1731622298.796591,,,
1731622299.8531368,,,
1731622300.8830001,,,
1731622301.943635,,,
1731622302.970259,,,
1731622303.977056,,,
1731622305.0326898,,,
1731622306.067636,,,
1731622307.118977,,,
1731622307.9939609,,,
1731622309.0155442,,,
1731622310.061007,,,
1731622311.055371,,,
1731622312.067947,,,
1731622313.076011,,,
1731622313.968025,,,
1731622314.8495731,,,
1731622315.874539,,,
1731622316.92498,,,
1731622317.9494689,,,
1731622319.006733,,,
1731622320.0570502,,,
1731622321.0583801,,,
1731622322.091093,,,
1731622323.125003,,,
1731622324.1361458,,,
1731622325.1583,,,
1731622326.201668,,,
1731622327.083264,,,
1731622328.159701,,,
1731622329.242364,,,
1731622330.294919,,,
1731622331.318366,,,
1731622332.3478558,,,
1731622333.3489542,,,
1731622334.391517,,,
1731622335.410403,,,
1731622336.547667,,,
1731622337.603848,,,
1731622338.6349802,,,
1731622339.521067,,,
1731622340.5495229,,,
1731622341.586296,,,
1731622342.640896,,,
1731622343.7337239,,,
1731622344.7789729,,,
1731622345.805186,,,
1731622346.893319,,,
1731622347.978153,,,
1731622348.866395,,,
1731622349.916074,,,
1731622350.949279,,,
1731622351.857114,,,
1731622352.908104,,,
1731622353.922884,,,
1731622354.970277,,,
1731622355.860312,,,
1731622356.777086,,,
1731622357.80079,,,
1731622358.824021,,,
1731622359.892941,,,
1731622360.9342022,,,
1731622361.976157,,,
1731622363.075257,,,
1731622364.095008,,,
1731622364.9410481,,,
1731622365.957645,,,
1731622366.987044,,,
1731622368.014486,,,
1731622369.108164,,,
1731622370.118168,,,
1731622371.132564,,,
1731622372.202104,,,
1731622373.274343,,,
1731622374.367083,,,
1731622375.444326,,,
1731622376.45934,,,
1731622377.5353339,,,
1731622378.627439,,,
1731622379.691177,,,
1731622380.717373,,,
1731622381.808295,,,
1731622382.860586,,,
1731622383.910246,,,
1731622384.979125,,,
1731622386.0880482,,,
1731622387.168085,,,
1731622388.205396,,,
1731622389.2419462,,,
1731622390.290069,,,
1731622391.400836,,,
1731622392.472543,,,
1731622393.4949481,,,
1731622394.355544,,,
1731622395.404908,,,
1731622396.42957,,,
1731622397.4666429,,,
1731622398.495308,,,
1731622399.5389419,,,
1731622400.633997,,,
1731622401.553905,,,
1731622402.622571,,,
1731622403.7070432,,,
1731622404.776989,,,
1731622405.8136268,,,
1731622406.846526,,,
1731622407.893399,,,
1731622408.938804,,,
1731622409.969087,,,
1731622411.0125,,,
1731622412.035054,,,
1731622412.923753,,,
1731622413.981503,,,
1731622415.016394,,,
1731622416.047698,,,
1731622417.0991518,,,
1731622418.019109,,,
1731622419.079861,,,
1731622420.105217,,,
1731622421.153019,,,
1731622422.192564,,,
1731622423.240406,,,
1731622424.276768,,,
1731622425.321571,,,
1731622426.1906931,,,
1731622427.299602,,,
1731622428.37235,,,
1731622429.4201112,,,
1731622430.3051252,,,
1731622431.3606489,,,
1731622432.477973,,,
1731622433.588205,,,
1731622434.611845,,,
1731622435.674659,,,
1731622436.7499251,,,
1731622437.7674508,,,
1731622438.7881548,,,
1731622439.853164,,,
1731622440.91556,,,
1731622441.8338182,,,
1731622442.739938,,,
1731622443.8120818,,,
1731622444.715185,,,
1731622445.7874591,,,
1731622446.814371,,,
1731622447.856374,,,
1731622448.915137,,,
1731622449.980007,,,
1731622451.049492,,,
1731622452.076661,,,
1731622453.122167,,,
1731622454.15931,,,
1731622455.177014,,,
1731622456.2028842,,,
1731622457.078327,,,
1731622458.1887932,,,
1731622459.3748338,,,
1731622460.414857,,,
1731622461.464726,,,
1731622462.238285,,,
1731622463.284127,,,
1731622464.338013,,,
1731622465.3101811,,,
1731622466.3777978,,,
1731622467.451169,,,
1731622468.3911612,,,
1731622469.450158,,,
1731622470.369832,,,
1731622471.3913631,,,
1731622472.410327,,,
1731622473.481628,,,
1731622474.54071,,,
1731622475.581234,,,
1731622476.601527,,,
1731622477.644386,,,
1731622478.5189388,,,
1731622479.5954812,,,
1731622480.627197,,,
1731622481.639897,,,
1731622482.678724,,,
1731622483.6946151,,,
1731622484.710735,,,
1731622485.773844,,,
1731622486.877961,,,
1731622487.9561028,,,
1731622488.981365,,,
1731622490.0511801,,,
1731622491.083623,,,
1731622492.1497211,,,
1731622493.194001,,,
1731622494.251206,,,
1731622495.2812319,,,
1731622496.3053062,,,
1731622497.3556612,,,
1731622498.388455,,,
1731622499.4247098,,,
1731622500.4547431,,,
1731622501.4925,,,
1731622502.5972831,,,
1731622503.646474,,,
1731622504.694258,,,
1731622505.75858,,,
1731622506.797015,,,
1731622507.8563142,,,
1731622508.884809,,,
1731622509.926485,,,
1731622510.972189,,,
1731622512.021777,,,
1731622513.060343,,,
1731622514.148705,,,
1731622515.199122,,,
1731622516.244791,,,
1731622517.2808,,,
1731622518.374581,,,
1731622519.4689019,,,
1731622520.4971142,,,
1731622521.518083,,,
1731622522.452511,,,
1731622523.464074,,,
1731622524.482456,,,
1731622525.5475981,,,
1731622526.562714,,,
1731622527.6186712,,,
1731622528.6774342,,,
1731622529.746403,,,
1731622530.792168,,,
1731622531.8492339,,,
1731622532.9004219,,,
1731622533.946603,,,
1731622535.0172958,,,
1731622536.0650399,,,
1731622536.978473,,,
1731622538.011768,,,
1731622539.021964,,,
1731622540.060138,,,
1731622541.087546,,,
1731622542.119332,,,
1731622543.160841,,,
1731622544.045641,,,
1731622545.098706,,,
1731622546.135755,,,
1731622547.2175639,,,
1731622548.2470999,,,
1731622549.331155,,,
1731622550.3945768,,,
1731622551.4747279,,,
1731622552.504009,,,
1731622553.525554,,,
1731622554.615464,,,
1731622555.6768231,,,
1731622556.7605278,,,
1731622557.802356,,,
1731622558.865628,,,
1731622559.913903,,,
1731622560.940046,,,
1731622562.009366,,,
1731622563.03742,,,
1731622564.088629,,,
1731622565.154328,,,
1731622566.18366,,,
1731622567.2022989,,,
1731622568.2477288,,,
1731622569.263486,,,
1731622570.302334,,,
1731622571.31461,,,
1731622572.3570318,,,
1731622573.4081779,,,
1731622574.431156,,,
1731622575.473015,,,
1731622576.5404491,,,
1731622577.607167,,,
1731622578.766573,,,
1731622579.701238,,,
1731622580.786079,,,
1731622581.905059,,,
1731622582.953755,,,
1731622583.985888,,,
1731622584.858856,,,
1731622585.8961658,,,
1731622586.792812,,,
1731622587.684413,,,
1731622588.7415528,,,
1731622589.625942,,,
1731622590.488275,,,
1731622591.509723,,,
1731622592.540691,,,
1731622593.571348,,,
1731622594.626695,,,
1731622595.643017,,,
1731622596.696126,,,
1731622597.73763,,,
1731622598.841436,,,
1731622599.854968,,,
1731622600.88232,,,
1731622601.9110012,,,
1731622602.920278,,,
1731622603.97695,,,
1731622605.035669,,,
1731622606.0614321,,,
1731622607.105089,,,
1731622608.128851,,,
1731622609.189365,,,
1731622610.227992,,,
1731622611.266367,,,
1731622612.179426,,,
1731622613.2584908,,,
1731622614.296313,,,
1731622615.3833442,,,
1731622616.398102,,,
1731622617.461832,,,
1731622618.521112,,,
1731622619.5954812,,,
1731622620.455691,,,
1731622621.3621938,,,
1731622622.405227,,,
1731622623.465575,,,
1731622624.540119,,,
1731622625.618599,,,
1731622626.631825,,,
1731622627.639167,,,
1731622628.711731,,,
1731622629.749457,,,
1731622630.803246,,,
1731622631.840471,,,
1731622632.885351,,,
1731622633.9286442,,,
1731622635.008746,,,
1731622636.0815191,,,
1731622637.199019,,,
1731622638.223812,,,
1731622639.272463,,,
1731622640.3034701,,,
1731622641.360359,,,
1731622642.2433379,,,
1731622643.296868,,,
1731622644.2269728,,,
1731622645.253058,,,
1731622646.276934,,,
1731622647.314032,,,
1731622648.3453288,,,
1731622649.431494,,,
1731622650.4448159,,,
1731622651.386654,,,
1731622652.430471,,,
1731622653.466078,,,
1731622654.521151,,,
1731622655.551744,,,
1731622656.6045618,,,
1731622657.65831,,,
1731622658.562023,,,
1731622659.6077619,,,
1731622660.657004,,,
1731622661.717524,,,
1731622662.744448,,,
1731622663.76242,,,
1731622664.8100538,,,
1731622665.6948721,,,
1731622666.722531,,,
1731622667.770814,,,
1731622668.84125,,,
1731622669.886797,,,
1731622670.957917,,,
1731622672.020302,,,
1731622672.931485,,,
1731622673.99907,,,
1731622675.086284,,,
1731622676.144462,,,
1731622677.2237709,,,
1731622678.265661,,,
1731622679.317784,,,
1731622680.201046,,,
1731622681.251293,,,
1731622682.30672,,,
1731622683.181535,,,
1731622684.224828,,,
1731622685.259351,,,
1731622686.312543,,,
1731622687.339909,,,
1731622688.3595772,,,
1731622689.448937,,,
1731622690.492548,,,
1731622691.5273569,,,
1731622692.546766,,,
1731622693.594591,,,
1731622694.668633,,,
1731622695.742442,,,
1731622696.6295612,,,
1731622697.70238,,,
1731622698.764329,,,
1731622699.796093,,,
1731622700.848609,,,
1731622701.73606,,,
1731622702.758058,,,
1731622703.806199,,,
1731622704.9134562,,,
1731622705.9420302,,,
1731622706.9852648,,,
1731622708.0745091,,,
1731622709.021292,,,
1731622710.054585,,,
1731622711.097267,,,
1731622712.1288111,,,
1731622713.169021,,,
1731622714.219279,,,
1731622715.259051,,,
1731622716.283477,,,
1731622717.317086,,,
1731622718.392971,,,
1731622719.420974,,,
1731622720.495342,,,
1731622721.532927,,,
1731622722.565771,,,
1731622723.7161129,,,
1731622724.570841,,,
1731622725.365497,,,
1731622726.317751,,,
1731622727.2906759,,,
1731622728.319808,,,
1731622729.333249,,,
1731622730.358837,,,
1731622731.4321952,,,
1731622732.470033,,,
1731622733.52634,,,
1731622734.521631,,,
1731622735.375489,,,
1731622736.505283,,,
1731622737.355305,,,
1731622738.1910532,,,
1731622739.3188832,,,
1731622740.36347,,,
1731622741.1480901,,,
1731622741.920396,,,
1731622742.972469,,,
1731622744.01439,,,
1731622745.0633118,,,
1731622746.155423,,,
1731622747.107768,,,
1731622747.7856882,,,
1731622748.8099651,,,
1731622749.7985091,,,
1731622750.5894558,,,
1731622751.4617422,,,
1731622752.357614,,,
1731622753.0299242,,,
1731622754.062593,,,
1731622755.0602372,,,
1731622756.0289469,,,
1731622757.080178,,,
1731622757.9311519,,,
1731622758.870421,,,
1731622759.702955,,,
1731622760.748563,,,
1731622761.797005,,,
1731622762.846296,,,
1731622763.9876359,,,
1731622764.555081,,,
1731622765.635502,,,
1731622766.517735,,,
1731622767.645323,,,
1731622768.673942,,,
1731622769.71945,,,
1731622770.7677372,,,
1731622771.824063,,,
1731622772.611386,,,
1731622773.767123,,,
1731622774.5319622,,,
1731622775.57478,,,
1731622776.615736,,,
1731622777.633218,,,
1731622778.192589,,,
1731622779.15902,,,
1731622780.039774,,,
1731622780.674585,,,
1731622781.723744,,,
1731622782.828747,,,
1731622783.6243572,,,
1731622784.768825,,,
1731622785.537045,,,
1731622786.603919,,,
1731622787.588974,,,
1731622788.157446,,,
1731622789.059946,,,
1731622790.167609,,,
1731622790.959552,,,
1731622791.891594,,,
1731622792.882475,,,
1731622793.9255512,,,
1731622794.904157,,,
1731622795.9248362,,,
1731622796.984483,,,
1731622797.88196,,,
1731622798.620481,,,
1731622799.6137831,,,
1731622800.39713,,,
1731622801.445908,,,
1731622802.237663,,,
1731622802.828423,,,
1731622803.817824,,,
1731622804.44663,,,
1731622805.312727,,,
1731622806.3756459,,,
1731622807.409444,,,
1731622808.531595,,,
1731622809.30982,,,
1731622810.455946,,,
1731622811.223711,,,
1731622812.203433,,,
1731622812.9812381,,,
1731622813.757329,,,
1731622814.5540721,,,
1731622815.797726,,,
1731622816.648661,,,
1731622817.571986,,,
1731622818.42097,,,
1731622819.5206568,,,
1731622820.5836182,,,
1731622821.373157,,,
1731622822.200778,,,
1731622823.1398962,,,
1731622824.1881962,,,
1731622825.2388742,,,
1731622826.3562722,,,
1731622827.139223,,,
1731622828.01348,,,
1731622829.0537531,,,
1731622830.1820312,,,
1731622831.097688,,,
1731622831.956338,,,
1731622833.0074198,,,
1731622833.812403,,,
1731622834.6790242,,,
1731622835.780689,,,
1731622836.575047,,,
1731622837.723661,,,
1731622838.482223,,,
1731622839.445985,,,
1731622840.242837,,,
1731622841.392108,,,
1731622842.100574,,,
1731622843.126805,,,
1731622843.9173892,,,
1731622844.963593,,,
1731622846.116887,,,
1731622846.8835042,,,
1731622847.935455,,,
1731622849.001663,,,
1731622850.0159612,,,
1731622851.011306,,,
1731622851.831176,,,
1731622852.737897,,,
1731622853.691095,,,
1731622854.666463,,,
1731622855.4538822,,,
1731622856.5923462,,,
1731622857.365481,,,
1731622858.408271,,,
1731622859.3614562,,,
1731622860.433886,,,
1731622861.123935,,,
1731622861.93631,,,
1731622863.076052,,,
1731622863.65121,,,
1731622864.639364,,,
1731622865.221227,,,
1731622866.2402601,,,
1731622867.252425,,,
1731622868.035647,,,
1731622868.8106802,,,
1731622869.6034718,,,
1731622870.37568,,,
1731622871.426839,,,
1731622872.4188979,,,
1731622873.5470212,,,
1731622874.516534,,,
1731622875.565048,,,
1731622876.319563,,,
1731622877.140993,,,
1731622877.996574,,,
1731622878.9136052,,,
1731622879.7657652,,,
1731622880.8788779,,,
1731622881.5704708,,,
1731622882.446113,,,
1731622883.23766,,,
1731622884.386941,,,
1731622885.161053,,,
1731622886.19479,,,
1731622887.15577,,,
1731622887.770897,,,
1731622888.7530088,,,
1731622889.3331509,,,
1731622890.3673012,,,
1731622891.207082,,,
1731622891.8214269,,,
1731622892.873193,,,
1731622893.9831522,,,
1731622894.679635,,,
1731622895.497855,,,
1731622896.539437,,,
1731622897.654932,,,
1731622898.438687,,,
1731622899.581471,,,
1731622900.3602629,,,
1731622901.479412,,,
1731622902.304512,,,
1731622903.2992918,,,
1731622904.273343,,,
1731622905.399358,,,
1731622906.178426,,,
1731622907.024331,,,
1731622907.98658,,,
1731622908.942554,,,
1731622909.7224598,,,
1731622910.755584,,,
1731622911.795135,,,
1731622912.863016,,,
1731622913.6455739,,,
1731622914.581273,,,
1731622915.414314,,,
1731622917.198362,,,
1731622918.103331,,,
1731622919.047093,,,
1731622920.104268,,,
1731622921.049255,,,
1731622922.156016,,,
1731622922.986017,,,
1731622924.131165,,,
1731622925.228524,,,
1731622925.904093,,,
1731622926.8578591,,,
1731622927.80417,,,
1731622928.920127,,,
1731622929.625213,,,
1731622930.53917,,,
1731622931.546117,,,
1731622932.519531,,,
1731622933.642261,,,
1731622934.709711,,,
1731622935.6622841,,,
1731622936.7610319,,,
1731622937.820468,,,
1731622938.9221408,,,
1731622939.918391,,,
1731622940.908349,,,
1731622942.098565,,,
1731622943.0105731,,,
1731622944.1576629,,,
1731622945.161932,,,
1731622946.149607,,,
1731622947.302498,,,
1731622948.349335,,,
1731622949.296768,,,
1731622950.4037771,,,
1731622951.550783,,,
1731622952.444043,,,
1731622953.5881312,,,
1731622954.3004422,,,
1731622955.214984,,,
1731622956.327152,,,
1731622957.268076,,,
1731622958.255278,,,
1731622959.361158,,,
1731622960.3078349,,,
1731622961.433894,,,
1731622962.497552,,,
1731622963.5099661,,,
1731622964.605521,,,
1731622965.605678,,,
1731622966.596832,,,
1731622967.732935,,,
1731622968.4210792,,,
1731622969.355506,,,
1731622970.3273249,,,
1731622971.4228458,,,
1731622972.429048,,,
1731622973.48156,,,
1731622974.462705,,,
1731622975.358665,,,
1731622976.266077,,,
1731622977.183851,,,
1731622978.209493,,,
1731622978.918304,,,
1731622979.811074,,,
1731622980.826755,,,
1731622981.9053361,,,
1731622982.8548312,,,
1731622983.98094,,,
1731622985.019228,,,
1731622985.746403,,,
1731622986.648615,,,
1731622987.407556,,,
1731622988.2920802,,,
1731622989.251675,,,
1731622990.258979,,,
1731622990.947906,,,
1731622991.8645802,,,
1731622992.873899,,,
1731622993.5734138,,,
1731622994.499419,,,
1731622995.438588,,,
1731622996.541265,,,
1731622997.6436229,,,
1731622998.6747808,,,
1731622999.390656,,,
1731623000.490334,,,
1731623001.595047,,,
1731623002.515883,,,
1731623003.401314,,,
1731623004.40397,,,
1731623005.5185852,,,
1731623006.499968,,,
1731623007.59143,,,
1731623008.6489909,,,
1731623009.322166,,,
1731623010.2364118,,,
1731623011.234163,,,
1731623011.938739,,,
1731623012.8396192,,,
1731623013.830736,,,
1731623014.937214,,,
1731623015.961559,,,
1731623016.7168052,,,
1731623017.6521401,,,
1731623018.624174,,,
1731623019.612766,,,
1731623020.343169,,,
1731623021.2686431,,,
1731623022.2847009,,,
1731623023.000854,,,
1731623024.128063,,,
1731623025.034632,,,
1731623025.956147,,,
1731623026.952565,,,
1731623028.050457,,,
1731623029.0586188,,,
1731623029.79326,,,
1731623031.7187462,,,
1731623032.6680288,,,
1731623033.7859101,,,
1731623034.481308,,,
1731623035.384232,,,
1731623036.161948,,,
1731623037.121105,,,
1731623038.061287,,,
1731623039.171984,,,
1731623040.098631,,,
1731623041.101183,,,
1731623042.218339,,,
1731623043.206552,,,
1731623044.315488,,,
1731623045.322003,,,
1731623046.429764,,,
1731623047.417977,,,
1731623048.142155,,,
1731623049.074636,,,
1731623050.0305579,,,
1731623050.691177,,,
1731623051.655912,,,
1731623052.6000588,,,
1731623053.721152,,,
1731623054.419472,,,
1731623055.331249,,,
1731623056.270352,,,
1731623057.398605,,,
1731623058.47192,,,
1731623059.503417,,,
1731623060.2037902,,,
1731623061.124834,,,
1731623062.126997,,,
1731623062.68618,,,
1731623063.664031,,,
1731623064.80247,,,
1731623065.710165,,,
1731623066.839492,,,
1731623067.537018,,,
1731623068.505148,,,
1731623069.479032,,,
1731623070.484278,,,
1731623071.244617,,,
1731623072.160836,,,
1731623073.237449,,,
1731623074.203979,,,
1731623075.152699,,,
1731623076.274831,,,
1731623076.981886,,,
1731623077.905494,,,
1731623078.872921,,,
1731623079.961586,,,
1731623080.969567,,,
1731623081.705444,,,
1731623082.585302,,,
1731623083.593463,,,
1731623084.3097658,,,
1731623085.254383,,,
1731623086.2055821,,,
1731623087.3782132,,,
1731623088.3116732,,,
1731623089.421047,,,
1731623090.352845,,,
1731623091.4519181,,,
1731623092.536797,,,
1731623093.5053241,,,
1731623094.6248682,,,
1731623095.3170712,,,
1731623096.215935,,,
1731623097.2155452,,,
1731623097.9852831,,,
1731623099.0854762,,,
1731623099.987913,,,
1731623100.964328,,,
1731623101.976359,,,
1731623102.933646,,,
1731623104.059627,,,
1731623104.759784,,,
1731623105.6987,,,
1731623106.800241,,,
1731623107.7624269,,,
1731623108.8067122,,,
1731623109.755815,,,
1731623110.886125,,,
1731623111.599945,,,
1731623112.520211,,,
1731623113.593497,,,
1731623114.6292968,,,
1731623115.673698,,,
1731623117.7430558,,,
1731623118.738372,,,
1731623119.421071,,,
1731623120.349014,,,
1731623121.2859242,,,
1731623122.39662,,,
1731623123.4764018,,,
1731623124.512778,,,
1731623125.482455,,,
1731623126.6288571,,,
1731623127.5784378,,,
1731623128.7308118,,,
1731623129.677707,,,
1731623130.795755,,,
1731623131.514962,,,
1731623132.432065,,,
1731623133.401592,,,
1731623134.4930508,,,
1731623135.446163,,,
1731623136.492617,,,
1731623137.5997329,,,
1731623138.710839,,,
1731623139.717087,,,
1731623140.3935108,,,
1731623141.305673,,,
1731623142.316594,,,
1731623143.0220108,,,
1731623143.929269,,,
1731623144.9361632,,,
1731623145.6817431,,,
1731623146.6303759,,,
1731623147.6047869,,,
1731623148.633591,,,
1731623149.649461,,,
1731623150.353547,,,
1731623151.285873,,,
1731623152.2692108,,,
1731623153.406762,,,
1731623154.367796,,,
1731623155.490288,,,
1731623156.415018,,,
1731623157.294074,,,
1731623158.2665758,,,
1731623159.099542,,,
1731623160.089819,,,
1731623160.985263,,,
1731623161.8748941,,,
1731623162.810216,,,
1731623163.8368971,,,
1731623164.9341471,,,
1731623165.9523141,,,
1731623166.667091,,,
1731623167.567174,,,
1731623168.47629,,,
1731623169.390485,,,
1731623170.3221061,,,
1731623171.43889,,,
1731623172.361384,,,
1731623173.288738,,,
1731623174.294891,,,
1731623174.961683,,,
1731623175.972152,,,
1731623177.050465,,,
1731623178.0219,,,
1731623178.962593,,,
1731623180.085841,,,
1731623181.161031,,,
1731623182.148439,,,
1731623183.251287,,,
1731623184.210751,,,
1731623185.368636,,,
1731623186.299371,,,
1731623187.146858,,,
1731623188.023724,,,
1731623189.0955288,,,
1731623190.0744698,,,
1731623191.1029031,,,
1731623191.8216379,,,
1731623192.7541,,,
1731623193.829134,,,
1731623194.793705,,,
1731623195.739717,,,
1731623196.530952,,,
1731623197.456001,,,
1731623198.5175629,,,
1731623199.510855,,,
1731623200.4564438,,,
1731623201.560278,,,
1731623202.620369,,,
1731623203.338948,,,
1731623204.295923,,,
1731623205.2706292,,,
1731623206.224025,,,
1731623207.3637278,,,
1731623208.321116,,,
1731623209.454089,,,
1731623210.1568289,,,
1731623211.0825448,,,
1731623212.046456,,,
1731623213.04615,,,
1731623214.218543,,,
1731623215.143977,,,
1731623216.185332,,,
1731623217.315042,,,
1731623218.336241,,,
1731623219.427349,,,
1731623220.383004,,,
1731623221.2481291,,,
1731623222.1759381,,,
1731623223.158689,,,
1731623224.2107708,,,
1731623225.205118,,,
1731623225.878456,,,
1731623226.772539,,,
1731623227.7826738,,,
1731623228.476067,,,
1731623229.395187,,,
1731623230.620555,,,
1731623231.49957,,,
1731623232.441275,,,
1731623233.316436,,,
1731623234.278774,,,
1731623235.209729,,,
1731623236.279538,,,
1731623237.275658,,,
1731623238.264771,,,
1731623239.307988,,,
1731623240.404077,,,
1731623241.4005802,,,
1731623242.506925,,,
1731623243.449941,,,
1731623244.607975,,,
1731623245.281261,,,
1731623246.233655,,,
1731623247.301022,,,
1731623248.275868,,,
1731623249.2174232,,,
1731623250.334945,,,
1731623251.4466019,,,
1731623252.369257,,,
1731623253.4748101,,,
1731623254.378339,,,
1731623255.516901,,,
1731623256.643179,,,
1731623257.4118662,,,
1731623258.3553479,,,
1731623259.185408,,,
1731623260.2964559,,,
1731623261.010443,,,
1731623261.945718,,,
1731623262.9171379,,,
1731623263.9583402,,,
1731623265.049504,,,
1731623266.002072,,,
1731623266.932957,,,
1731623268.098637,,,
1731623269.226327,,,
1731623270.260418,,,
1731623271.000736,,,
1731623272.122429,,,
1731623273.049888,,,
1731623273.992981,,,
1731623275.0120618,,,
1731623275.8243,,,
1731623276.760194,,,
1731623277.6758158,,,
1731623278.6591601,,,
1731623279.3770251,,,
1731623280.2676039,,,
1731623281.037642,,,
1731623282.004852,,,
1731623282.9162781,,,
1731623283.891326,,,
1731623284.6270962,,,
1731623285.531199,,,
1731623286.5044322,,,
1731623287.613066,,,
1731623288.5500832,,,
1731623289.677696,,,
1731623290.738142,,,
1731623291.759029,,,
1731623292.458039,,,
1731623293.366046,,,
1731623294.316232,,,
1731623295.42265,,,
1731623296.510985,,,
1731623297.458566,,,
1731623298.584723,,,
1731623299.5564458,,,
1731623300.683439,,,
1731623301.4406452,,,
1731623302.385951,,,
1731623303.329343,,,
1731623304.32611,,,
1731623305.4220648,,,
1731623306.373612,,,
1731623307.5351639,,,
1731623308.269533,,,
1731623309.232179,,,
1731623310.1455941,,,
1731623311.153622,,,
1731623311.848553,,,
1731623312.804656,,,
1731623313.8055449,,,
1731623314.486957,,,
1731623315.387546,,,
1731623316.33284,,,
1731623317.455193,,,
1731623318.532162,,,
1731623319.542706,,,
1731623320.624332,,,
1731623321.578315,,,
1731623322.704052,,,
1731623323.434067,,,
1731623324.335687,,,
1731623325.296603,,,
1731623326.388364,,,
1731623327.074628,,,
1731623328.043632,,,
1731623329.044748,,,
1731623329.966361,,,
1731623331.096647,,,
1731623331.8079019,,,
1731623332.7348852,,,
1731623333.733338,,,
1731623334.430584,,,
1731623335.3176699,,,
1731623336.055187,,,
1731623337.001778,,,
1731623337.829761,,,
1731623338.939017,,,
1731623339.651458,,,
1731623340.527901,,,
1731623341.234826,,,
1731623342.137013,,,
1731623343.130444,,,
1731623344.226161,,,
1731623345.27575,,,
1731623346.280705,,,
1731623346.973841,,,
1731623347.8858728,,,
1731623348.8438568,,,
1731623349.9425979,,,
1731623351.040054,,,
1731623351.987259,,,
1731623353.082485,,,
1731623354.1756,,,
1731623355.134211,,,
1731623356.23481,,,
1731623357.337909,,,
1731623358.3426821,,,
1731623359.2278311,,,
1731623360.127462,,,
1731623361.059711,,,
1731623362.1545038,,,
1731623363.1227489,,,
1731623364.104059,,,
1731623365.202837,,,
1731623366.209168,,,
1731623366.898574,,,
1731623367.852204,,,
1731623368.839247,,,
1731623369.815541,,,
1731623370.945586,,,
1731623371.648704,,,
1731623372.540056,,,
1731623373.4830852,,,
1731623374.600615,,,
1731623375.316813,,,
1731623376.2026088,,,
1731623377.150917,,,
1731623378.267605,,,
1731623378.9837718,,,
1731623379.909877,,,
1731623380.873882,,,
1731623381.9760199,,,
1731623382.924376,,,
1731623384.026528,,,
1731623385.124962,,,
1731623386.0634089,,,
1731623387.1941912,,,
1731623387.886722,,,
1731623388.792419,,,
1731623389.792044,,,
1731623390.5176508,,,
1731623391.441872,,,
1731623392.356947,,,
1731623393.476785,,,
1731623394.185579,,,
1731623395.1102169,,,
1731623396.102633,,,
1731623396.832865,,,
1731623397.742073,,,
1731623398.726178,,,
1731623399.75828,,,
1731623400.8021472,,,
1731623401.919938,,,
1731623402.84424,,,
1731623403.942519,,,
1731623405.0050619,,,
1731623405.727197,,,
1731623406.672427,,,
1731623407.77422,,,
1731623408.7224672,,,
1731623409.766785,,,
1731623410.767235,,,
1731623411.859045,,,
1731623412.873377,,,
1731623413.5988421,,,
1731623414.563252,,,
1731623415.528508,,,
1731623416.478374,,,
1731623417.609975,,,
1731623418.57713,,,
1731623419.732182,,,
1731623420.677123,,,
1731623421.795771,,,
1731623422.872174,,,
1731623423.9175968,,,
1731623424.949674,,,
1731623425.734424,,,
1731623426.682048,,,
1731623427.593781,,,
1731623428.6154912,,,
1731623429.69276,,,
1731623430.770048,,,
1731623431.765753,,,
1731623432.541134,,,
1731623433.49561,,,
1731623434.4117398,,,
1731623435.4159539,,,
1731623436.15443,,,
1731623437.061253,,,
1731623437.806859,,,
1731623438.8560798,,,
1731623439.75194,,,
1731623440.711906,,,
1731623441.708875,,,
1731623442.410677,,,
1731623443.330496,,,
1731623444.328813,,,
1731623445.423775,,,
1731623446.104586,,,
1731623447.030732,,,
1731623448.0036638,,,
1731623448.683077,,,
1731623449.5142138,,,
1731623450.645617,,,
1731623451.40717,,,
1731623452.476985,,,
1731623453.438863,,,
1731623454.358447,,,
1731623455.345689,,,
1731623456.4345531,,,
1731623457.427295,,,
1731623458.538226,,,
1731623459.562679,,,
1731623460.261664,,,
1731623461.1728141,,,
1731623462.1989539,,,
1731623463.148989,,,
1731623464.293895,,,
1731623464.967584,,,
1731623465.865103,,,
1731623466.9101691,,,
1731623467.865858,,,
1731623468.971209,,,
1731623469.705003,,,
1731623470.620013,,,
1731623471.5341399,,,
1731623472.582314,,,
1731623473.42524,,,
1731623474.309251,,,
1731623475.256781,,,
1731623476.360211,,,
1731623477.356108,,,
1731623478.35412,,,
1731623479.504066,,,
1731623480.498993,,,
1731623481.493841,,,
1731623482.6822689,,,
1731623483.5964632,,,
1731623484.7144089,,,
1731623485.816841,,,
1731623486.796869,,,
1731623487.890513,,,
1731623489.135104,,,
1731623489.933666,,,
1731623491.0481641,,,
1731623491.984376,,,
1731623493.1238132,,,
1731623493.833196,,,
1731623495.0050628,,,
1731623495.906969,,,
1731623496.833824,,,
1731623497.752821,,,
1731623498.9016478,,,
1731623499.921201,,,
1731623500.896624,,,
1731623502.027462,,,
1731623502.719214,,,
1731623503.614463,,,
1731623504.568914,,,
1731623505.676262,,,
1731623506.774446,,,
1731623507.793847,,,
1731623508.505276,,,
1731623509.4121358,,,
1731623510.388405,,,
1731623511.112607,,,
1731623512.050438,,,
1731623513.0137339,,,
1731623514.108941,,,
1731623515.058717,,,
1731623516.207507,,,
1731623517.0014012,,,
1731623517.897276,,,
1731623518.940781,,,
1731623519.875728,,,
1731623520.889676,,,
1731623521.866991,,,
1731623522.986876,,,
1731623523.777133,,,
1731623524.864643,,,
1731623525.801068,,,
1731623526.7225778,,,
1731623527.686294,,,
1731623528.80316,,,
1731623529.516879,,,
1731623530.401804,,,
1731623531.490238,,,
1731623532.454195,,,
1731623533.406719,,,
1731623534.552226,,,
1731623535.503554,,,
1731623536.6228511,,,
1731623537.711943,,,
1731623538.702038,,,
1731623539.7950459,,,
1731623540.792345,,,
1731623541.90433,,,
1731623542.924171,,,
1731623543.891328,,,
1731623545.033251,,,
1731623546.053838,,,
1731623547.036515,,,
1731623548.1781309,,,
1731623549.137612,,,
1731623550.26703,,,
1731623551.280319,,,
1731623552.2817569,,,
1731623553.386081,,,
1731623554.477204,,,
1731623555.486016,,,
1731623556.209198,,,
1731623557.143046,,,
1731623558.048436,,,
1731623559.154166,,,
1731623560.141406,,,
1731623561.240601,,,
1731623562.338681,,,
1731623563.290775,,,
1731623564.423815,,,
1731623565.3833358,,,
1731623566.5362408,,,
1731623567.232974,,,
1731623568.14329,,,
1731623569.115993,,,
1731623569.825769,,,
1731623570.728964,,,
1731623571.7348962,,,
1731623572.854719,,,
1731623573.848143,,,
1731623574.824849,,,
1731623575.9536939,,,
1731623576.5350342,,,
1731623577.516261,,,
1731623578.491201,,,
1731623579.620737,,,
1731623580.361554,,,
1731623581.2527769,,,
1731623582.249881,,,
1731623582.942616,,,
1731623583.899991,,,
1731623584.975626,,,
1731623585.941055,,,
1731623586.933402,,,
1731623587.655811,,,
1731623588.6090162,,,
1731623589.7171268,,,
1731623590.652253,,,
1731623591.651659,,,
1731623592.749058,,,
1731623593.7566562,,,
1731623594.459831,,,
1731623595.2697809,,,
1731623596.381564,,,
1731623597.468749,,,
1731623598.468735,,,
1731623599.5597272,,,
1731623600.5142741,,,
1731623601.681838,,,
1731623602.4396842,,,
1731623603.38528,,,
1731623604.3674638,,,
1731623605.3474848,,,
1731623606.367285,,,
1731623607.073785,,,
1731623607.97594,,,
1731623608.958442,,,
1731623609.669984,,,
1731623610.5989702,,,
1731623611.566557,,,
1731623612.674796,,,
1731623613.6200871,,,
1731623614.7140758,,,
1731623615.766561,,,
1731623616.547224,,,
1731623617.492117,,,
1731623618.440447,,,
1731623619.440528,,,
1731623620.548479,,,
1731623621.534972,,,
1731623622.65569,,,
1731623623.6344461,,,
1731623624.379519,,,
1731623625.307193,,,
1731623626.385272,,,
1731623627.3688571,,,
1731623628.351327,,,
1731623629.069227,,,
1731623629.973527,,,
1731623630.9239628,,,
1731623631.734439,,,
1731623632.873504,,,
1731623633.804013,,,
1731623634.745211,,,
1731623635.825324,,,
1731623636.846582,,,
1731623637.966552,,,
1731623638.904495,,,
1731623639.8900712,,,
1731623640.9452338,,,
1731623642.0481339,,,
1731623643.061794,,,
1731623643.753943,,,
1731623644.672607,,,
1731623645.655283,,,
1731623646.7489028,,,
1731623647.75691,,,
1731623648.477016,,,
1731623649.382117,,,
1731623650.37712,,,
1731623651.4822998,,,
1731623652.501882,,,
1731623653.215541,,,
1731623654.126357,,,
1731623655.092468,,,
1731623656.1899981,,,
1731623657.136768,,,
1731623658.235631,,,
1731623659.361705,,,
1731623660.353164,,,
1731623661.034413,,,
1731623661.9541361,,,
1731623662.9695292,,,
1731623663.681391,,,
1731623664.6193762,,,
1731623665.6063192,,,
1731623666.330644,,,
1731623667.2400708,,,
1731623668.267272,,,
1731623668.957377,,,
1731623669.93934,,,
1731623670.8673751,,,
1731623671.901209,,,
1731623672.595231,,,
1731623673.520819,,,
1731623674.497299,,,
1731623675.490561,,,
1731623676.639596,,,
1731623677.348541,,,
1731623678.249593,,,
1731623679.159203,,,
1731623680.271029,,,
1731623681.035948,,,
1731623681.961887,,,
1731623682.92894,,,
1731623683.935173,,,
1731623685.023757,,,
1731623686.023318,,,
1731623687.138679,,,
1731623688.1611788,,,
1731623688.9382348,,,
1731623689.816132,,,
1731623690.786035,,,
1731623691.490601,,,
1731623692.4503849,,,
1731623693.557856,,,
1731623694.6907918,,,
1731623695.6211112,,,
1731623696.66056,,,
1731623697.6028202,,,
1731623698.753891,,,
1731623699.471115,,,
1731623700.3827689,,,
1731623701.44008,,,
1731623702.4281878,,,
1731623703.4256132,,,
1731623704.1224298,,,
1731623705.062151,,,
1731623706.068365,,,
1731623706.8044858,,,
1731623707.7315671,,,
1731623708.725933,,,
1731623709.750387,,,
1731623710.452523,,,
1731623711.5764952,,,
1731623712.5091999,,,
1731623713.4402251,,,
1731623714.43199,,,
1731623715.1342468,,,
1731623716.055048,,,
1731623716.7931361,,,
1731623717.71766,,,
1731623718.684823,,,
1731623719.683525,,,
1731623720.767232,,,
1731623721.777848,,,
1731623722.525085,,,
1731623723.64355,,,
1731623724.682032,,,
1731623725.739124,,,
1731623726.7099268,,,
1731623727.621821,,,
1731623728.589814,,,
1731623729.676416,,,
1731623730.635277,,,
1731623731.428776,,,
1731623732.307657,,,
1731623733.254515,,,
1731623734.3610592,,,
1731623735.451893,,,
1731623736.3994849,,,
1731623737.583554,,,
1731623738.341197,,,
1731623739.282303,,,
1731623740.212422,,,
1731623741.3106549,,,
1731623742.270785,,,
1731623743.2166731,,,
1731623744.3395042,,,
1731623745.408416,,,
1731623746.363232,,,
1731623747.479349,,,
1731623748.163197,,,
1731623749.090419,,,
1731623750.086076,,,
1731623750.7836668,,,
1731623751.7173288,,,
1731623752.4860291,,,
1731623753.447907,,,
1731623754.378643,,,
1731623755.44887,,,
1731623756.546763,,,
1731623757.54486,,,
1731623758.6455622,,,
1731623759.582508,,,
1731623760.582134,,,
1731623761.680453,,,
1731623762.67976,,,
1731623763.421966,,,
1731623764.298647,,,
1731623765.247676,,,
1731623766.297577,,,
1731623767.0491898,,,
1731623767.982768,,,
1731623768.975349,,,
1731623770.0632699,,,
1731623771.013695,,,
1731623772.164757,,,
1731623772.861284,,,
1731623773.835348,,,
1731623774.782324,,,
1731623775.733873,,,
1731623776.834071,,,
1731623777.952825,,,
1731623778.707572,,,
1731623779.634621,,,
1731623780.559654,,,
1731623781.602208,,,
1731623782.60112,,,
1731623783.488481,,,
1731623784.261339,,,
1731623785.234219,,,
1731623785.980648,,,
1731623787.100616,,,
1731623788.0837429,,,
1731623788.987829,,,
1731623789.9553761,,,
1731623790.689366,,,
1731623791.803359,,,
1731623792.7119732,,,
1731623793.668712,,,
1731623794.6567192,,,
1731623795.536907,,,
1731623796.4372292,,,
1731623797.363086,,,
1731623798.3371751,,,
1731623799.049377,,,
1731623799.9484239,,,
1731623800.948952,,,
1731623802.046535,,,
1731623803.100519,,,
1731623803.9756181,,,
1731623804.843235,,,
1731623805.769887,,,
1731623806.743022,,,
1731623807.8361669,,,
1731623808.7848508,,,
1731623809.6090791,,,
1731623810.525279,,,
1731623811.52846,,,
1731623812.45958,,,
1731623813.208322,,,
1731623814.154731,,,
1731623815.123689,,,
1731623816.282593,,,
1731623816.967189,,,
1731623817.910291,,,
1731623818.863724,,,
1731623819.8746262,,,
1731623820.616313,,,
1731623821.5221992,,,
1731623822.534579,,,
1731623823.530713,,,
1731623824.2580101,,,
1731623825.1436958,,,
1731623826.088593,,,
1731623827.187728,,,
1731623828.288466,,,
1731623829.232904,,,
1731623830.282259,,,
1731623831.415444,,,
1731623832.101711,,,
1731623833.000524,,,
1731623833.951822,,,
1731623835.0621219,,,
1731623835.757458,,,
1731623836.681986,,,
1731623837.676787,,,
1731623838.803123,,,
1731623839.718666,,,
1731623840.851688,,,
1731623841.553422,,,
1731623842.4692109,,,
1731623843.485045,,,
1731623844.4387789,,,
1731623845.560273,,,
1731623846.5353012,,,
1731623847.6864588,,,
1731623848.4334872,,,
1731623849.379526,,,
1731623850.318793,,,
1731623851.310508,,,
1731623852.435114,,,
1731623853.0950341,,,
1731623853.989235,,,
1731623854.984254,,,
1731623856.645239,,,
1731623857.716867,,,
1731623858.700275,,,
1731623859.726345,,,
1731623860.4094589,,,
1731623861.316681,,,
1731623862.2652621,,,
1731623863.367588,,,
1731623864.472521,,,
1731623865.477291,,,
1731623866.177321,,,
1731623867.090726,,,
1731623868.103116,,,
1731623868.827817,,,
1731623869.7373319,,,
1731623870.7070231,,,
1731623871.802565,,,
1731623872.8294,,,
1731623873.521133,,,
1731623874.4634712,,,
1731623875.470261,,,
1731623876.170512,,,
1731623877.0770822,,,
1731623878.052011,,,
1731623879.16656,,,
1731623880.094817,,,
1731623881.2721841,,,
1731623882.1895628,,,
1731623883.312135,,,
1731623883.997799,,,
1731623884.921752,,,
1731623885.940201,,,
1731623886.621792,,,
1731623887.561839,,,
1731623888.559881,,,
1731623889.6262531,,,
1731623890.630589,,,
1731623891.7365959,,,
1731623892.678741,,,
1731623893.785876,,,
1731623894.479947,,,
1731623895.464391,,,
1731623896.402517,,,
1731623897.118423,,,
1731623898.02637,,,
1731623898.813856,,,
1731623899.703323,,,
1731623900.635197,,,
1731623901.646407,,,
1731623902.381137,,,
1731623903.270808,,,
1731623904.286367,,,
1731623904.988991,,,
1731623905.9199748,,,
1731623906.885101,,,
1731623907.9806561,,,
1731623908.980146,,,
1731623909.8799481,,,
1731623910.630966,,,
1731623911.624589,,,
1731623912.3143969,,,
1731623913.233748,,,
1731623914.2355998,,,
1731623915.343504,,,
1731623916.272521,,,
1731623917.374581,,,
1731623918.084816,,,
1731623918.99022,,,
1731623919.9881852,,,
1731623920.715599,,,
1731623921.606745,,,
1731623922.560008,,,
1731623923.698928,,,
1731623924.385408,,,
1731623925.2889018,,,
1731623926.230813,,,
1731623927.354657,,,
1731623928.1169012,,,
1731623928.995639,,,
1731623929.9585369,,,
1731623930.948763,,,
1731623932.047786,,,
1731623933.165426,,,
1731623933.869961,,,
1731623934.795786,,,
1731623935.780132,,,
1731623936.7716658,,,
1731623937.460335,,,
1731623938.417252,,,
1731623939.3851678,,,
1731623940.442369,,,
1731623941.244044,,,
1731623942.3023129,,,
1731623943.2638988,,,
1731623944.164489,,,
1731623945.167316,,,
1731623945.891,,,
1731623946.823961,,,
1731623947.783067,,,
1731623948.880383,,,
1731623949.883026,,,
1731623950.591212,,,
1731623951.498335,,,
1731623952.448328,,,
1731623953.5743191,,,
1731623954.639076,,,
1731623955.592316,,,
1731623956.69042,,,
1731623957.788332,,,
1731623958.743702,,,
1731623959.8664498,,,
1731623960.838944,,,
1731623961.9750881,,,
1731623962.931679,,,
1731623964.074947,,,
1731623964.756244,,,
1731623965.669794,,,
1731623966.668014,,,
1731623967.390947,,,
1731623968.315726,,,
1731623969.287683,,,
1731623970.064586,,,
1731623970.9017339,,,
1731623971.8416681,,,
1731623972.970416,,,
1731623973.999265,,,
1731623974.722039,,,
1731623975.6644301,,,
1731623976.737779,,,
1731623977.761101,,,
1731623978.832363,,,
1731623979.79966,,,
1731623980.756703,,,
1731623981.520302,,,
1731623982.454766,,,
1731623983.3813949,,,
1731623984.500441,,,
1731623985.569468,,,
1731623986.5253088,,,
1731623987.635797,,,
1731623988.4044852,,,
1731623989.282666,,,
1731623990.2532501,,,
1731623990.982265,,,
1731623991.8897421,,,
1731623992.898104,,,
